"","t","","",""
"1",0.32268115092024,1.09343087742298,0.38838380387224,0.211539841617861
"2",0.0878437157801536,1.00077663959617,0.0388834773134062,-0.00647746504646057
"3",-0.0202098041981805,1.00118183973457,0.0223622583660802,0.043185710774115
"4",-0.133308778857404,1.02868246829768,-0.0771853904664626,-0.228538915901729
"5",-0.175821382965186,1.02632417841151,-0.188152361151892,-0.133940315756769
"6",0.252433737909914,1.03728755034095,0.106644498322962,0.254150374915668
"7",-0.23100345239054,1.03783282255589,-0.0799924516361745,-0.265891284655157
"8",-0.27267149750538,1.0863448002927,-0.338547583619709,-0.255989372334561
"9",0.0868016787998146,1.00223861671804,0.0328753707350486,-0.058321992763615
"10",-0.147476091856219,1.00153133327659,-0.0521235212728692,0.0186587798342925
"11",-0.107061079816242,1.01243807200422,-0.0346512191231394,0.154370148205209
"12",0.087026047931854,1.00580551345836,0.0861548498773131,0.0649774787588956
"13",-0.163839590278364,1.02821098834171,-0.181504118449862,-0.155801449070234
"14",0.384548623451081,1.08312815887512,0.222131550144433,0.351886605284497
"15",0.00371182756826499,1.01519071527672,0.0608442855633807,-0.164043169008458
"16",-0.188532812357026,1.01392033053315,-0.157254182494402,-0.0574939888725169
"17",0.020467139432616,1.00110162769025,-0.0236344203347954,0.0405694853245767
"18",-0.144342721953304,1.01315199980005,-0.157977020956799,0.0389901981073118
"19",0.24036451278491,1.05537499508107,0.200293501624045,0.271475401186814
"20",-0.166743038371688,1.01958199640836,-0.154597209782326,-0.125088569132322
"21",0.0796364716677743,1.00177418879501,0.0151444410811341,0.0576382792962606
"22",-0.278260804957404,1.03655694240525,-0.125643040305894,-0.242206773792983
"23",0.0278348952666017,1.00436478880892,0.0771855081388274,0.0528301649868553
"24",0.0264797172272338,1.00681699279759,0.0447654851638705,0.108057893390633
"25",0.266532330632901,1.03875447363846,0.171279448029769,0.222877112298545
"26",0.239081797451307,1.03405557747062,0.221449346305472,0.142236156862393
"27",0.356284138001101,1.06511741346215,0.291991545271699,0.221846888529325
"28",0.310823065502242,1.08030661094554,0.258541245484549,0.316573527061144
"29",-0.286133348492714,1.0477435216306,-0.190066439500222,-0.24827653069632
"30",0.14807243654936,1.00780363863571,0.108414400738728,0.0625658993369117
"31",0.241628477566541,1.04290994798595,0.0848957065731598,0.283643929273136
"32",0.100936546403257,1.00183737682154,0.0602026963608759,-0.0073324584922607
"33",-0.0500071687660486,1.00486903434611,-0.0318936783263897,-0.0935124027628885
"34",0.183111542317616,1.01447545388922,0.0226366047370925,0.169257291334004
"35",-0.00259222056327307,1.00383351020977,0.00917191723299753,0.0871641678348498
"36",-0.0534606364095914,1.00079558966264,-0.0256438499609097,0.0305647713451504
"37",-0.361111459017324,1.10604870544331,-0.346823467735353,-0.321025265424455
"38",-0.0517209451604202,1.00278556817809,-0.0723220444413487,-0.0186659485178473
"39",-0.157530955138867,1.01991658120111,-0.0945655464284264,-0.176881853330585
"40",-0.372716895526263,1.04663319216675,-0.24760014755248,-0.184757153791568
"41",0.0824818862346665,1.00120058015924,0.0488325554522958,0.0042406649464489
"42",0.116604506381184,1.00263940453402,0.0205513013173243,0.0697382215036849
"43",0.167615985948324,1.0336781399701,-0.0334683127514567,0.259558026448075
"44",-0.355825548989436,1.03415012093997,-0.248663636328757,-0.0873662898829599
"45",0.539571532856606,1.14886099279969,0.402487219241852,0.397348234076421
"46",-0.160156170891602,1.05626672904953,-0.32234071068709,-0.108608789380655
"47",0.338299586626226,1.04519599744643,0.257671946157203,0.161368650120124
"48",0.0315504034048204,1.01428166664701,0.159097337797425,0.0587821095403556
"49",0.0991175535169668,1.0079497095152,0.11244915791246,0.0576003801771089
"50",-0.118478304708298,1.00399230622778,-0.0889435161485525,-0.00946582799858693
"51",-0.096976943100415,1.00647712793787,-0.0875182262618086,-0.0730531938661667
"52",0.414123437615747,1.06272454490063,0.255224497891708,0.253463831759431
"53",-0.106456539649539,1.01956588210369,-0.195157835529775,0.0377889822727994
"54",0.320092835857552,1.06528677008441,0.289668481001826,0.225672491967817
"55",-0.0281861178164039,1.01894543182127,0.0164774991322017,-0.194880181269879
"56",-0.338681560199311,1.0472002555202,-0.251220001912151,-0.183076174858541
"57",0.0921247668538442,1.00316542646252,-0.012962010993787,0.0785675449580016
"58",-0.0301093139020993,1.01039712239798,-0.144557253385715,0.00235487657910743
"59",-0.090955300021692,1.00454927103168,-0.071298494462028,-0.0635276523864457
"60",0.254120637179126,1.06266864813951,0.215345285674737,0.287908081992009
"61",-0.129494764283939,1.00215601226665,-0.0503986673122688,0.0421502936566583
"62",-0.131015989416563,1.01301689367015,-0.161474736896744,-0.0113638112115764
"63",0.251916704993725,1.04676913608872,0.291229530217916,0.104455660435328
"64",0.0630970855983097,1.00583054365304,-0.0894122495235817,-0.0608319996424898
"65",0.204241824809166,1.04034466892675,0.218143239649876,0.186361361766262
"66",0.0782664227044401,1.0145113594843,0.0302062205233935,0.168288094541394
"67",0.0750397373237281,1.00326134164596,0.051839913383604,-0.0620156675496559
"68",-0.391155071806725,1.05957097494741,-0.232094229374069,-0.262341227492475
"69",0.537820772998064,1.13360165059996,0.408717986712381,0.343514642454635
"70",0.0821991651781149,1.00314359745461,-0.00798727296026133,-0.0789511278249844
"71",0.166644606862671,1.01094371915811,0.0130013923079451,0.147777424200316
"72",0.0154956246925988,1.00067554906678,0.00702901201694509,-0.0360852807966302
"73",0.394336330775831,1.10720953541276,0.410234388419608,0.240043125014944
"74",-0.274851824764694,1.01973365650773,-0.116365207244348,-0.162221665500055
"75",0.0387192703462446,1.00001080243847,-0.00440335616817223,0.00148843813426158
"76",0.0867759723774476,1.00476942988471,0.0432659767573332,0.0876907206383526
"77",0.330587277858778,1.04427960435397,0.26568097732957,0.141186084140337
"78",0.702369434915461,1.22513061552715,0.502004022757424,0.498935853830236
"79",0.168589326419344,1.01390932862864,0.0927635581614594,0.139309184756104
"80",0.283398519804058,1.03823826677646,0.165451270680144,0.224865683529783
"81",0.324958948160688,1.03891193289209,0.217576324536954,0.178881377752295
"82",-0.125172903135142,1.01906196014969,-0.166922661763628,-0.103073292437316
"83",0.157374117771625,1.00362377293089,0.0553441444345392,0.0647896848954097
"84",0.235145148245674,1.06699867051053,0.29944991480256,0.220943231161264
"85",0.400097934749126,1.09721065893424,0.266041489883176,0.364819346717866
"86",-0.0824568694892846,1.00110780072694,-0.0187130583139709,-0.0432047465549328
"87",0.1571996341023,1.02335671441367,0.206327261335888,0.0684691621474424
"88",0.216551995842202,1.0355587191707,0.171039737197501,0.207671059971953
"89",-0.254575067608579,1.03166678436103,-0.0862848119316681,-0.238518940932888
"90",0.156184658658509,1.0391838228555,0.22419189609301,0.172165651077049
"91",-0.0782456369003237,1.00596805737857,-0.0893776284437214,0.0631139604190902
"92",0.110452137661314,1.01241090175906,0.095082976514293,0.126234153769031
"93",0.00907931265124355,1.00325462988662,-0.0616231562303433,0.0521769968966966
"94",0.177286367093014,1.00890122535135,0.117262911445542,0.0642735724445149
"95",0.153386238137518,1.02946593273139,0.196682855187672,0.145313320551626
"96",-0.0208994760571828,1.0005575955808,-0.0199957128105756,-0.0267520755012621
"97",-0.295877992934402,1.00603957512177,-0.095141374332671,-0.0553511120148572
"98",-0.704421339577798,1.1985715329517,-0.444928205849446,-0.488479898503281
"99",-0.166248250859787,1.01603427629277,-0.123839806945232,-0.130343211628125
"100",-0.198381717095387,1.01264079103034,-0.110223139262786,-0.115291939135444
"101",0.166180570874896,1.00266417543082,0.0612111596838769,0.0398577799496798
"102",-0.0348718607880007,1.00387633226758,-0.0371820537982489,0.0799073548702002
"103",-0.25278362817466,1.05370854349805,-0.317496027153677,-0.0974575157820715
"104",-0.0530831621667317,1.00806780509571,-0.120398412651727,0.0412906999387258
"105",0.103052749015581,1.00280265695453,0.049014983927064,0.0566630403852387
"106",0.0597674350761165,1.00692796295272,-0.117754556737238,-0.00614710856678971
"107",0.0492228827779021,1.00437895262138,-0.0744854994454807,0.0568242099916355
"108",-0.298138420881961,1.04385896794922,-0.237006587975566,-0.182946500989226
"109",-0.366984381693763,1.04380254054871,-0.156585798057769,-0.254960058641631
"110",0.244425638168953,1.01869621471858,0.155448063975288,0.116524148948998
"111",0.131603297309959,1.01436884287561,0.124874923985152,0.11554394296766
"112",0.405725476717463,1.07226488024609,0.265178710629691,0.28183723110677
"113",-0.464447736919725,1.17785012251974,-0.355050284773104,-0.511145973673171
"114",-0.298467627877398,1.07127344463581,-0.277529819046954,-0.265714118408542
"115",-0.0490070479152927,1.00707598991091,-0.0697530753510334,-0.0966258657612777
"116",0.214961856806048,1.04498420088585,0.234706938596852,0.192105786158389
"117",0.352172358870021,1.07543858791225,0.320334003413214,0.232280611821052
"118",0.0517163166346895,1.00674713053676,0.0664766189445236,0.0955020626882085
"119",-0.083308599389022,1.0042549073161,-0.0887236220151666,0.0256132341765419
"120",0.144084810649252,1.00613461233087,0.0130572877471223,0.110165173112407
"121",0.156110004710297,1.01115190571859,0.108239307855533,0.10350086315242
"122",-0.168824085380087,1.01356090877778,-0.114651345562161,-0.118999095640368
"123",-0.193702929749158,1.00503624917112,-0.0590115839678513,-0.081335693920678
"124",0.286283331706218,1.06791871730686,0.29457093444431,0.23168588941697
"125",0.13735403457016,1.01816546659627,0.115278738945022,0.152878153169271
"126",-0.370757279589973,1.07289129894937,-0.331051143337969,-0.203717647384535
"127",-0.166778373867995,1.01312150813326,-0.137655198763512,-0.0864073868114336
"128",0.114090885788494,1.00020128002209,-0.0107645518637222,0.0169329554713496
"129",-0.0831469528139909,1.00058652446213,-0.00139262004372143,-0.0342265035406046
"130",0.19197589734578,1.00808015757964,0.101770556831616,0.076605207838494
"131",-0.0629373847068394,1.00023035794837,-0.0170210225645617,-0.0130787519429034
"132",0.26110046092773,1.0275345414753,0.179952353437068,0.153115591685896
"133",0.369050911017756,1.12690703699734,0.438450311403967,0.278712745427761
"134",-0.493775583742378,1.13775079245782,-0.387085983736558,-0.380317376585789
"135",0.384513634602933,1.08168694552735,0.348128733584216,0.22102722225405
"136",0.141965604354508,1.02549665082767,0.0847613822914196,0.210852766002293
"137",-0.12778920488171,1.00717652920397,-0.068539228384113,-0.098523779626387
"138",0.262254854559882,1.03313064200662,0.151856316528865,0.210472284596564
"139",-0.0790810782642544,1.00246082525672,-0.0149626421662272,0.068584440755789
"140",-0.404302118124342,1.05769021035994,-0.105611430985348,-0.327955495054545
"141",0.0292745669970813,1.0064977062081,0.0919784586819898,-0.0676579318384362
"142",0.118993759901144,1.00098582611894,-0.0129932438197377,0.042471163229421
"143",0.274431893187641,1.05082271505408,0.240116374240943,0.21580663867225
"144",0.610057631147548,1.18773239158724,0.516972598675384,0.378744724378249
"145",0.0486315576779561,1.00846745504861,0.0555518412321545,0.11798559584944
"146",0.130142739556348,1.01767843715385,0.162271944660868,0.0966292782953409
"147",-0.0677338849510739,1.00030214010511,-0.0017327362655122,0.0245228286275155
"148",-0.0673414294452927,1.01734443678998,-0.0920149180099159,-0.162858705420207
"149",0.391334810269373,1.08440602519789,0.241885986187395,0.342677103366473
"150",0.216092520883745,1.00937674823717,0.122908747121564,0.0611134990232096
"151",-0.291978839407684,1.02251222166639,-0.129587818851312,-0.169523569637097
"152",-0.181027530572738,1.01518085106741,-0.157690795219201,-0.0756688408599808
"153",0.0842623952296284,1.00451867854834,0.0823380696167006,0.047730680325129
"154",0.585481641157595,1.19897794509027,0.402559116267835,0.524875481159624
"155",0.204273400353212,1.03715725070225,0.136198317974456,0.239050582231428
"156",0.494053847900125,1.12619382646524,0.361521975126917,0.370964144182084
"157",-0.305321239171308,1.05549214973944,-0.154355128325526,-0.300396691927837
"158",-0.162217983209873,1.05567258666358,-0.306208765054798,-0.143808214079027
"159",-0.231748220641125,1.01916033155352,-0.127051800006433,-0.150151994750016
"160",-0.0912472878679109,1.00762627764673,-0.0398151893059454,0.117155734408209
"161",0.443982464619431,1.0485365674567,0.298613590453533,0.101286015275194
"162",0.100564030364961,1.01383148003094,0.105382215545663,0.129417381168107
"163",0.273770062197553,1.05930666875897,0.23193619483099,0.261411973720706
"164",0.17767568492187,1.03944727884007,0.20457593509824,0.196467127700026
"165",0.0646455204813116,1.01546317706757,0.0109784700321713,0.176195735407885
"166",0.144906295667221,1.01255871377426,0.0223449358007242,0.157403471004454
"167",-0.0595531812943723,1.00285745405473,0.0639150143847196,-0.0404715219548425
"168",0.0584035997055764,1.00336905864855,-0.0124950206466145,0.0811993984726171
"169",0.144271279458079,1.01881723377837,0.19478342267329,0.00692633348069156
"170",-0.171591334573836,1.04779344828302,-0.108347995551151,-0.293482234768766
"171",0.540758888858461,1.10609731199641,0.282663585408148,0.378883308011695
"172",-0.185624322032667,1.01852580635474,-0.157380818606586,-0.112365902947924
"173",0.0680837900495112,1.00399789550392,-0.0321226726667833,0.0835458441637595
"174",-0.0433871559261901,1.00238731881946,-0.0464105403380706,0.0512484016882043
"175",0.190300329772887,1.01265371667542,0.143942513045751,0.0689064789016595
"176",0.508561508225159,1.1035382408401,0.301678119243726,0.356071567758561
"177",0.20542093619785,1.01213941541024,0.10227802098244,0.118175304742168
"178",-0.449229003868128,1.09160556490177,-0.216703038159682,-0.380318948485191
"179",-0.317912206245159,1.04791805810885,-0.184383064384215,-0.253249169947114
"180",-0.129360461633669,1.0027840421052,-0.074198427001428,0.00839217083653796
"181",-0.467959039521855,1.10847547699959,-0.347211070383743,-0.328880458088401
"182",0.434907040203667,1.06731546205732,0.180611108794911,0.326407602433684
"183",-0.268421526151684,1.02877104680414,-0.168967488239853,-0.172684262920509
"184",-0.0356096840628073,1.02447089436183,-0.212637785545874,-0.0657707043650002
"185",0.142763740287122,1.02058741128696,0.121535962392385,0.163791556323172
"186",0.216208354106099,1.03885871693767,0.22711325031502,0.166273886370451
"187",-0.291497085900429,1.03957149379522,-0.143558116925461,-0.24515292732587
"188",0.179874048211254,1.02093689112163,0.197689931042706,-0.0568403625729485
"189",0.00905557418757792,1.00666751788279,-0.0489630838787783,-0.104795553232809
"190",-0.332963488265914,1.04461556242463,-0.257516091106843,-0.157819948297991
"191",-0.180078447734565,1.03059669148197,-0.161177865773768,-0.190134783977555
"192",0.362361927663164,1.06655569759279,0.23030897869136,0.290686825297927
"193",-0.167040138685213,1.00717391226405,-0.090705756922073,-0.0785605193876551
"194",-0.0558137607092785,1.00054536156018,0.0272695542988695,-0.018638453474788
"195",0.0158322803195738,1.0044731154066,0.0660595067599676,0.0678408515664975
"196",-0.0129587000947376,1.00075066823158,0.0115495557063099,0.0369933470903595
"197",0.0820263073498066,1.00518755999082,0.0168122512791361,0.100595123973401
"198",-0.0755742981429898,1.01813207658532,-0.0540257197119238,-0.183505168814239
"199",-0.0262711334771787,1.00271573702658,-0.0189223784451379,-0.0712796806582707
"200",-0.116519805486958,1.00569668672071,-0.0354763371251965,-0.100832808079504
"201",-0.0193507809458961,1.00045322012124,0.0300384442511982,0.00208267086482495
"202",0.0332736751654372,1.01083606291573,0.142579994385237,-0.0382163746591164
"203",0.269222225385488,1.07167314153678,0.327941565697042,0.20233055078134
"204",0.174863694684325,1.01435137430711,0.131247018637187,0.108087606401393
"205",0.153207376264391,1.0101612522992,0.141832441764688,0.0175873281018699
"206",-0.172525690770805,1.01543206243082,-0.166821223772426,-0.0572097256729595
"207",0.188602274225266,1.02494648513566,0.146307737159704,0.170614604999552
"208",0.356295510713859,1.0855685364973,0.388464144948165,0.165995950319809
"209",-0.121265225850648,1.0012188177617,-0.0382482996616769,-0.0312440172374052
"210",0.181959267672912,1.01778575157339,0.179059026338306,0.0618522529306528
"211",0.0352365302354214,1.00824268013941,0.0215828886320262,-0.126836433933606
"212",0.0378341338834378,1.01089037433,0.0618078902585929,0.134458668797638
"213",-0.240893033238592,1.05380785669243,-0.182805380426217,-0.277656607545956
"214",-0.0449114626013967,1.0018678788318,-0.0121731875940138,-0.059925454847958
"215",0.0693060909963135,1.03134311840169,0.231672119587187,0.0999832830052072
"216",0.0641014423316871,1.00018673426029,-0.0127545609360476,-0.0145197990894188
"217",0.409762122649583,1.04709466516205,0.249001530598083,0.185487130471732
"218",0.276530321495765,1.05254570934437,0.322309849113844,0.0629986620767653
"219",-0.299210379636632,1.04628764892738,-0.142046667898456,-0.273021223418478
"220",0.00459387287786528,1.00632232091102,0.0662189831677252,0.0911024688576955
"221",-0.0694709603985216,1.00332330660435,-0.0815942586817327,-0.000185810806305185
"222",0.409372801347709,1.078710712607,0.316474888676948,0.251913569166119
"223",0.213004890546317,1.01990330376851,0.176526636668301,0.095084675865768
"224",-0.305663793055025,1.04650729347613,-0.247726928080886,-0.183871923909922
"225",0.19291393634501,1.01775579384008,0.173063036275183,0.0766553414334288
"226",-0.222490005096778,1.02198838367354,-0.177623187069191,-0.113623324097808
"227",-0.228686667227392,1.03600928939827,-0.220127206371176,-0.157668198235155
"228",0.252106114354218,1.08226377354279,0.299919335689029,0.285207411549793
"229",-0.131929578952327,1.00477775688262,-0.0921130022769819,-0.0330686488624778
"230",-0.474340951312542,1.13005061475553,-0.358845725631873,-0.385024852581088
"231",-0.252124292205665,1.03912409635506,-0.139522267609183,-0.245585880023509
"232",0.168317229822729,1.02003099803826,0.115003432151498,0.165037715544977
"233",-0.101660159692585,1.02387352112906,-0.156882456461326,-0.153963898768114
"234",0.0852472202549318,1.00098755718784,0.0411064368934772,0.0169218938302804
"235",-0.0245005456678253,1.00912999622079,-0.121896415666201,-0.059030611722227
"236",0.37725527918059,1.09073210597463,0.239353073423062,0.363877222764479
"237",-0.0600555256385981,1.0026616654428,0.0690408231937785,-0.0237440535978228
"238",0.0897966663258173,1.00998080346361,0.128778569249787,-0.0589686651280431
"239",-0.0267859646289444,1.00962829629134,-0.0252311492968366,-0.13679431924355
"240",-0.0459503655807351,1.00696664892109,-0.0978814997837705,0.0663403650837217
"241",-0.442625839006074,1.06748753932563,-0.317210861168855,-0.19724836164591
"242",0.041182329964479,1.00538121390745,0.0383864884849372,-0.0965290773798428
"243",-0.229155920754106,1.01872358365944,-0.103532101146419,-0.164556506818022
"244",0.418568862825225,1.10599756735892,0.364868940764867,0.300168744323867
"245",0.0839096105726954,1.02662350149086,0.231892849691405,0.0134729386310539
"246",0.464422106001181,1.10670134000072,0.412693079434227,0.233392969359579
"247",0.178682449140458,1.01811339548498,0.177305541609493,0.0715376193378495
"248",-0.0784267538227221,1.00399887617564,-0.031908939573546,-0.0836394819282769
"249",-0.169821089704699,1.01810575535804,-0.190941892052212,-0.00897345823402108
"250",0.258923736640131,1.04955288924189,0.221523776735062,0.22910365264881
"251",-0.223661275017182,1.03943358458156,-0.222886044837422,-0.175339635487244
"252",-0.419121109013839,1.07866306405986,-0.228149493781674,-0.333858973601392
"253",0.219291433299101,1.02350891894983,0.120660810504733,0.181690605090579
"254",-0.15722878266058,1.01160995401081,-0.0707402212601398,-0.135464091735852
"255",0.303097958152446,1.03834111266877,0.246161596985699,0.132501828016316
"256",0.0239677531411286,1.01546460591934,0.167581379205504,-0.055541400941057
"257",-0.257130281705748,1.02588140410348,-0.205591714561126,-0.100820147734159
"258",0.318799950666758,1.05254788545151,0.14054742204795,0.296822292498584
"259",0.046251954347049,1.01516651989522,0.0978974056248912,0.14484184853865
"260",0.00495591152630126,1.00314762096847,-0.0254641981999493,-0.0752111964053582
"261",-0.419592873428161,1.06400728108244,-0.200494243355537,-0.303172479914879
"262",-0.00363707040851319,1.0003822110116,-0.00127640811181446,-0.0276213484605614
"263",-0.033308175779952,1.00702213587279,-0.114131948403062,-0.0326723199592306
"264",-0.0115387629657478,1.00086810686666,-0.0416623455231309,-0.00110286370905149
"265",0.422181959619534,1.14687002487808,0.44517632410769,0.342240988804413
"266",0.0844826971653773,1.00495103917311,0.0959744968435493,0.0267485904441232
"267",0.164391577266971,1.02168825256245,0.054133484990287,0.202278153113297
"268",0.0261040010846729,1.00175294050708,-0.00217096291697045,0.059196627729855
"269",-0.0195737738609211,1.00455959784943,-0.0955998323124548,-0.000810982879514497
"270",0.0583933974339159,1.0149027268537,0.0529210178932772,0.165005790323309
"271",0.225299702764374,1.02630834740533,0.201499689109052,0.112723995860792
"272",-0.143120901568471,1.0196519624111,-0.125212662567494,-0.154957779996908
"273",0.378669674590744,1.06843845751134,0.231586677393466,0.296527146047491
"274",0.335810040079769,1.04550954860614,0.147444051569717,0.267115083593792
"275",-0.112616915914987,1.02258997862033,-0.0823342023972654,-0.197259584026569
"276",-0.39855959503578,1.07464967559235,-0.338215949958964,-0.201201134301225
"277",-0.0672890310122456,1.00446822555099,0.00548227377223587,-0.0944794200651231
"278",0.256265873153265,1.01976488189274,0.108349860772048,0.167871147051505
"279",-0.110695513923924,1.00987046906671,0.0232149593357156,-0.138922388246283
"280",0.333459728162714,1.04549940942844,0.213714905912935,0.217703821982615
"281",-0.180883599161899,1.00477977457794,-0.0778825736881625,-0.0593017716143705
"282",0.399729376015646,1.10466223744784,0.306781422885133,0.355195463675773
"283",-0.0676323604369298,1.00583165596425,-0.0153130946142819,-0.107064603268842
"284",-0.2981459172804,1.02891203449827,-0.193546906913737,-0.145600719639323
"285",-0.0563013109856655,1.0017428367255,-0.0408739397743888,-0.0426383862050987
"286",-0.136988074845263,1.01318410638627,-0.106875072509659,-0.122962402017016
"287",-0.104313083289574,1.01898986299712,-0.120019296266116,-0.154711697730562
"288",0.00711998320040747,1.00932916481711,0.115680372723783,-0.0732353351661104
"289",-0.421505591058645,1.11374354185641,-0.246208667621756,-0.4240353393466
"290",-0.0463951536045211,1.00334546402908,0.0653334848708932,-0.0493320984994341
"291",-0.228945542074445,1.03105020833591,-0.117436136641285,-0.221975867878213
"292",0.165549982603911,1.01919880699719,0.171948886536534,0.0959155284786384
"293",0.0376549777944659,1.01115044825032,-0.0924336476403523,0.117818715748911
"294",-0.16036154030486,1.00755822099749,-0.119425612823485,-0.0301842956082949
"295",0.224841769250873,1.04559545359634,0.188463998754633,0.240314738946157
"296",-0.101790266977464,1.0165080946735,-0.175928913468456,-0.0483500149178566
"297",-0.049470625629017,1.00377221574833,0.0634805477300145,0.0594043867757283
"298",-0.264487557051231,1.06570727655964,-0.278713976165537,-0.240936752701125
"299",0.0207365458705384,1.00200170177154,-0.0202546777747869,-0.059976315169419
"300",-0.318152399064389,1.03201794208219,-0.188940041709105,-0.171355459260893
"301",-0.0422331871191077,1.00355809669542,0.0348369610933158,-0.0769105947494644
"302",0.399709228519005,1.09089185941507,0.26415406352184,0.346796308606316
"303",0.427093261069334,1.12412473746328,0.366365847829637,0.359767273276719
"304",-0.0236189509127686,1.00947718969796,0.0293125002112659,0.134851673522625
"305",-0.0472327426449186,1.00560466676085,-0.0469188816450795,-0.0950755718172289
"306",0.0190853491903135,1.00028234641639,0.0127388835829432,-0.0200622380939628
"307",0.207156896777795,1.04913574405444,0.262320716275653,0.178531933460926
"308",-0.134337364702326,1.03943428805558,-0.21683313936805,-0.182775897911616
"309",-0.0564435190719632,1.00551127844637,-0.0650750464788855,-0.0825722072408129
"310",0.40776113921017,1.09270034672146,0.426383583910113,0.110413255984774
"311",-0.103676614920169,1.00310961425198,-0.0444693421397316,-0.0652025752130465
"312",-0.25406974619035,1.02538595716694,-0.120951858921283,-0.191799397753628
"313",-0.109687377764759,1.00232028092267,-0.0643592620298123,-0.0224461787365984
"314",0.310041666657992,1.0336940458107,0.22327959405807,0.136636756481366
"315",-0.629332129176759,1.2381829029927,-0.484248732891047,-0.546443104043643
"316",-0.158351514645514,1.00613120854906,-0.110690417842124,0.00690218909607473
"317",-0.432520176351108,1.14824853749685,-0.47425346812908,-0.305873097593112
"318",-0.182002130884406,1.0477009352563,-0.163995916046595,-0.266049975111735
"319",0.0396716803101785,1.00718017271448,0.103468519474319,-0.0608782866624679
"320",0.0438470904747163,1.0085296929331,0.0504960285861914,0.120757163865181
"321",0.081702337937577,1.00515303099563,0.0819445568928176,0.0601473633281851
"322",-0.412563445544742,1.11095600423288,-0.357873374929156,-0.32580652365767
"323",0.152764299501541,1.00785660517491,-0.0137304165853022,0.124845553605566
"324",0.244014075756723,1.06122559576072,0.268545737400522,0.232557416612978
"325",-0.306118119006802,1.02520654248581,-0.108642664247678,-0.198104079364571
"326",-0.00911455896951363,1.00013512553127,-0.0022006595216527,-0.0162919126908109
"327",-0.263353035158226,1.00929246376563,-0.0441685565812965,-0.12930744767266
"328",0.0487898234471045,1.00683443043623,0.0319021353376951,0.112684622166251
"329",-0.337507687701389,1.07685585671594,-0.297745192152841,-0.266395076330783
"330",0.435728966070246,1.10071945685994,0.306745368265574,0.342769021000531
"331",-0.126718296387163,1.02801458911261,-0.186599471229582,-0.148305875693468
"332",-0.151425732432719,1.02081236180303,-0.0729261452379463,-0.191675912285847
"333",0.0513768132435899,1.00286123356937,-0.0183831886814003,0.0734350881403461
"334",-0.438064982891856,1.07546663344324,-0.19483450493439,-0.344482213382218
"335",0.183012679864741,1.0165773350022,0.167281777040773,0.0737989506040713
"336",0.148738886583771,1.04248750025895,0.14942218247705,0.253876347027362
"337",-0.157920528861263,1.01889593356394,-0.178665892024693,-0.0789140194145285
"338",0.00223704009548139,1.00027260606867,0.00449887923353294,0.0229138939739454
"339",0.0305202518336088,1.00786278659515,-0.0651753306455155,-0.107422403988104
"340",0.62387766198365,1.16634493796629,0.368979961879532,0.473512726387555
"341",-0.392858605515193,1.08291507751033,-0.204031786425754,-0.362044327710171
"342",-0.644505175223193,1.26521941570207,-0.551278203546148,-0.544860084943298
"343",0.293928265727683,1.0180338371472,0.116480287250171,0.151080231197746
"344",0.0659090043715251,1.00570979549889,0.091439330035664,0.0555971373817323
"345",0.196910128206947,1.02560533232643,0.0628432479159049,0.218899574891735
"346",-0.497668459045548,1.22362934654162,-0.398414386341543,-0.581837395217913
"347",0.114266916532153,1.00826696956107,0.0806762936905594,0.100466997288705
"348",-0.302856330133591,1.05412302931422,-0.256166691433946,-0.21343380034655
"349",0.151477275298542,1.0095714629325,0.0837410936641605,0.110553009907425
"350",0.167877703428583,1.01554424085656,0.175828806024302,0.0203552477015774
"351",0.119080062346693,1.00185383391284,0.0571661384129398,-0.0210508229010211
"352",0.052378510595877,1.00678145334196,0.00960823501299844,0.116260812887631
"353",0.117211195427821,1.02962910434608,0.214432929541363,0.11897315346252
"354",0.14543951636811,1.00204396603941,-0.00723343857823185,0.0635593206566488
"355",-0.0500416280149929,1.01320123561541,-0.0315320981523295,-0.159945211365326
"356",-0.0523583717818786,1.00478023731388,0.0903858469107489,-0.0375995209380611
"357",-0.101829868780881,1.01900392588878,-0.184055417808788,-0.0670268912599154
"358",-0.453054145575993,1.10934418394319,-0.409054430040071,-0.251632652319139
"359",-0.0388836470256008,1.00121147453911,0.00894799662016164,0.0484184892914976
"360",0.00564988902061751,1.00131811519225,-0.0415666468510742,-0.0301692174527349
"361",-0.0190008884351342,1.00180362634617,-0.0215931399954003,-0.0560735415813143
"362",-0.228877384991719,1.03217190283351,-0.191768271727822,-0.169126482129393
"363",0.272778513499176,1.02433899508444,0.153636962363683,0.160206306512166
"364",-0.216420550543176,1.03541520345918,-0.092630744861851,-0.252000374326617
"365",0.256839475274551,1.05758876888402,0.139337725281345,0.314768172442877
"366",-0.0375840957317143,1.00074293270946,0.0346896248486398,0.0168240095041359
"367",-0.0859616363149195,1.00182601114715,-0.0365250231680084,0.0481796564285841
"368",-0.0719919790422788,1.00703488172139,0.0263737137804839,-0.115860606873263
"369",0.160219263549758,1.01575091505817,-0.0204921713416608,0.177002803241115
"370",0.0108857673579233,1.00215955615841,0.0501000116351533,0.0425883180436459
"371",0.270208640386476,1.03518673970463,0.236157694158435,0.125861549132677
"372",-0.120304647773079,1.01020420761316,-0.0664779706565832,-0.1268590576061
"373",-0.163896737745216,1.00691428809601,-0.0918207959443672,-0.0737924454400889
"374",-0.115243315293922,1.03064829166383,-0.188415946537885,-0.163509425415808
"375",0.240467228185771,1.03791369731035,0.243073237647197,0.134834135900909
"376",0.0449227088300323,1.00065304934505,0.00725095524974118,0.035411139652718
"377",-0.166309944430158,1.01617474473728,-0.0622454675364583,-0.169518770680561
"378",-0.104154839305815,1.01130402087518,-0.143343675087048,-0.0467804815156852
"379",-0.210366375250792,1.00000056270723,-0.000885823138080274,-0.000583722665077766
"380",0.522947153313488,1.20474859523554,0.403567329667538,0.537170911486307
"381",-0.00275338731808006,1.00022256257465,0.0120698743280118,0.0173058607732849
"382",0.297795622506697,1.04875519776344,0.216479976019225,0.230269157332365
"383",0.412835216557496,1.0638477537971,0.30039180460196,0.203805807049538
"384",0.187888951092317,1.0280822472057,0.164210287249561,0.173170692038068
"385",-0.0785592493379947,1.00000014062316,-0.000218773431367782,-0.000483098879759763
"386",0.223239218227699,1.06357352350402,0.137948892830007,0.334901094154271
"387",0.116203010028949,1.00659344609285,0.114643603409832,0.00933862486097005
"388",-0.0866049525184433,1.00404223279744,-0.0532374865247149,-0.0725711738185266
"389",-0.000297340194850798,1.00049984466978,-0.0174354981741334,-0.0263807237898557
"390",-0.0116384900093508,1.00030892679251,-0.0193872245972115,0.0155590662703869
"391",-0.112738631128526,1.01026736336465,-0.0664540682379004,-0.127373475631282
"392",-0.252083649131006,1.04281459816731,-0.181526630773813,-0.233474556366989
"393",0.265337499119877,1.04545312193253,0.192216755453099,0.236695900010039
"394",0.303910297059592,1.0260062286578,0.0987559918156806,0.207210123606683
"395",0.247545191966006,1.02555660114496,0.201669667791101,0.105336068110718
"396",-0.0574968058945407,1.00921903899431,0.123833444863377,-0.0564654460874905
"397",-0.508306602405811,1.17537945903855,-0.408644733175431,-0.463169898393376
"398",0.0275574106625735,1.0042172012271,-0.0905065452926295,-0.0161478326590018
"399",0.0277040326299896,1.02436062127829,0.202856707396567,0.0903539633323941
"400",-0.16997919533699,1.03148314739681,-0.170424352673093,-0.186850269947845
"401",-0.10823626292836,1.01805056663834,-0.123816066280803,-0.145246473153034
"402",-0.135084141306262,1.01343840266952,-0.102231263573333,-0.12886490893007
"403",-0.0575251388373259,1.00310212202382,0.0262674580181273,-0.0743228622831804
"404",0.00778267716514718,1.00266061032817,-0.0239711462746474,0.0689469625867846
"405",0.0617295369838676,1.00240960414366,-0.0693691308135753,-0.00359696672455123
"406",-0.110091454475144,1.00285084704866,-0.0481285747125357,-0.0582534267004821
"407",-0.0922469030040015,1.00241752045842,-0.0575899045440033,-0.0390421338636002
"408",-0.0109248069997951,1.0038177541305,-0.0236821847206353,0.0841976106220667
"409",0.203077828733333,1.0376876321543,0.0904574098798317,0.261940983665863
"410",0.180664860113165,1.00454298176269,0.0945524893414229,-0.0129007351732812
"411",-0.33285031411096,1.04347645546774,-0.172159423667764,-0.243319226445227
"412",-0.562681065089495,1.1174672391457,-0.302485424295953,-0.396529442352535
"413",-0.25955000271699,1.02915747629301,-0.169795415802488,-0.174168389159052
"414",0.0619490913914979,1.00126644030257,0.0125634689578917,0.0487508330586874
"415",0.00381545551340967,1.00325958125052,0.0184779833152167,0.0786660759385669
"416",0.24367348393712,1.01187910203658,0.0319893044701445,0.151248145568358
"417",0.171807370631404,1.03255371321413,0.162105782021922,0.199722022089099
"418",-0.554832979707144,1.07806008848524,-0.281973061930378,-0.287584329772016
"419",-0.0503125297741487,1.00092330425092,-0.0416501231752846,-0.0106173552290416
"420",0.0448609156220761,1.00148101412473,-0.0543662348433428,0.00292132867938918
"421",0.354730377566527,1.05730503563595,0.165771651149552,0.30068870623336
"422",0.117729502127127,1.02489531079213,0.0689061109225032,0.213687496033869
"423",0.221235374140528,1.05283665748075,0.294538649372015,0.14734996220338
"424",0.00114526497474092,1.01241558981708,0.123086371967622,0.0991719291962478
"425",0.145976301856051,1.00903722582352,0.0925707549576918,0.0979120953927441
"426",0.287031355128576,1.02778882528183,0.177765089504639,0.157319554816371
"427",-0.331503058331656,1.07144892891779,-0.208913203956002,-0.323045013104852
"428",-0.54618729046972,1.13833922032983,-0.275291863571977,-0.469074162997903
"429",0.0154168836745889,1.0013121789281,0.0433203622694447,-0.0273756439664116
"430",0.111492370447897,1.00369115083982,0.0176236979001849,0.0841744114709486
"431",-0.111150575373564,1.00794395504962,-0.100771534944413,-0.0761322156909437
"432",0.105283457287189,1.00973004632412,0.0816301281860524,0.113539810736309
"433",-0.203164473791347,1.02719715762923,-0.0430243459059185,-0.230830904128829
"434",0.147062594603825,1.0048560328244,-0.0202457854594206,0.0965699480932438
"435",0.2057877541613,1.01048354179987,0.0692872857307167,0.1275784475704
"436",-0.0559195591212312,1.00014979490017,0.0167025869122146,0.00454266764115214
"437",0.140802605337111,1.01058544679389,0.141314469603598,0.036237631714347
"438",0.0682098820836056,1.01142020396019,0.0222405185534285,-0.149920606700148
"439",0.289581476471324,1.03069258545787,0.183793702761641,0.168958813155704
"440",0.083944370298869,1.00383466965726,0.0865399856400411,-0.0139597597160362
"441",-0.216805908752115,1.02353665774486,-0.139398879729568,-0.167914389132264
"442",-0.224360969930491,1.03442308394837,-0.225922270029178,-0.137805096096367
"443",0.00983322809029292,1.00018673007168,0.0187988995104701,-0.0044828995839523
"444",0.0522899720318135,1.00449727212518,0.0826119670282215,-0.0467977842494695
"445",0.181962038070928,1.0070216192429,0.103181725794864,0.0587032629807393
"446",-0.153355726836038,1.02430699405478,0.0187538798843889,-0.221027396624993
"447",0.33558225401453,1.06697761876837,0.304167974537974,0.214296715369344
"448",0.453979237640199,1.09411677640246,0.32908566019739,0.29798347044385
"449",0.362664005687995,1.05167059099659,0.17891180566854,0.272032346899303
"450",-0.349032090486696,1.09298371209514,-0.2823917996959,-0.338922212859801
"451",0.543255546041411,1.12669111296203,0.380186156503909,0.353399703495066
"452",0.00122290443946364,1.00323300332489,0.0644499795019177,-0.0481939737153807
"453",0.094937584862556,1.0042818580132,-0.0924159508212623,0.00642980312720851
"454",0.218683792423254,1.0228082204446,0.198650096839371,0.0816994175912969
"455",0.00615617811018348,1.01351255086323,0.00781238772515069,0.164762427013359
"456",-0.0847310607425959,1.00770924758387,-0.0168831648721208,-0.123259427266009
"457",-0.239854363646673,1.05438844790557,-0.132156413445477,-0.307033681315162
"458",0.295851261490415,1.05763323540564,0.292708577946417,0.181410443556024
"459",0.524069437263959,1.15032420774833,0.447490633022971,0.350710587648161
"460",-0.460322773993989,1.17477848132063,-0.343983253990163,-0.511644408889951
"461",0.265788045161204,1.03470472989907,0.197720455741537,0.177540134777644
"462",0.167963689881899,1.01044021536884,0.0816775160655961,0.119658732251295
"463",0.113460557797582,1.00566125145117,0.0791339651048901,0.0713608312529938
"464",-0.0589883903537754,1.00151901977671,-0.0324390600199814,-0.0445876032043961
"465",-0.438076776598986,1.07699838812323,-0.162894158205913,-0.365227355550525
"466",-0.0830930288179079,1.00574388471403,0.0279679689926628,-0.103626996241799
"467",-0.007536350314269,1.00015417003494,0.00689674213939625,-0.0161492658080737
"468",-0.186723379201169,1.0063550479802,-0.109797117137128,0.0263642876559065
"469",-0.11190849735273,1.01750330728446,-0.0918084579872868,-0.163963981949709
"470",-0.301902145839623,1.07111961463681,-0.295864284892479,-0.244461763441195
"471",-0.456298238630198,1.09613407789812,-0.298695838262567,-0.335098064653002
"472",-0.023212035881458,1.01567627427688,0.0576797432193218,-0.168140837844714
"473",0.225231762980255,1.00661019454515,0.0855088170004007,0.0771513187017375
"474",-0.155359495111154,1.01237186981646,-0.150116286424559,-0.0485994171340426
"475",0.0348300420491026,1.00143892070644,0.0504629352213972,0.01825935580775
"476",0.0759564800318332,1.01229554942738,0.081891825776603,0.134298206471455
"477",-0.445681066618581,1.17945161780693,-0.384322126306685,-0.493358512623934
"478",-0.162172497762677,1.01368050264287,-0.0473302358441383,-0.159084915102693
"479",0.0482197164212437,1.00473423034929,-0.0786233735127978,0.0575259834600909
"480",-0.0575860470973209,1.0020953143986,0.0449953847179457,-0.0465879221871026
"481",0.258188703468066,1.01624319867818,0.120980378319227,0.134588212416257
"482",-0.0510884361805002,1.00027342598516,0.0134709232892523,-0.0191170331858821
"483",-0.654743990125946,1.20663702772768,-0.444853520545291,-0.508014037150496
"484",-0.229141117824263,1.05440570335596,-0.247043651249105,-0.225257234394568
"485",-0.581220103723651,1.19713666183871,-0.383340905344658,-0.534963491658879
"486",0.0253301955294996,1.001716430976,0.0244289507554777,-0.0532825905177228
"487",0.0791973894032522,1.00096273749932,-0.0255990046194094,0.0356523887646816
"488",-0.0532099801403637,1.02707655904955,-0.149063695316024,-0.180738133463305
"489",-0.603402199675001,1.21647927791243,-0.516467530828447,-0.461609275459567
"490",0.136148848749704,1.02017461784532,0.111903869619095,0.168029089327154
"491",0.0625361092343232,1.00092882615505,0.0288506132359762,-0.0320336876435134
"492",0.160988231280544,1.02728626837283,0.234534917269854,-0.0176195848022062
"493",-0.0212281036836336,1.00039923922138,0.0265333789970783,-0.00972715959113551
"494",0.14526696042265,1.02264844443646,0.156127965021617,0.146403208457083
"495",0.222191852633107,1.04005834066,0.118970415663293,0.259937285077239
"496",0.0527027899422255,1.00222376251138,0.0604646211158577,0.0282223269022918
"497",-0.375005202720522,1.12629267470235,-0.395467040943581,-0.33487461626033
"498",-0.111894021945063,1.01391162601223,-0.147058403381018,-0.0799412994502566
"499",-0.219999804122685,1.03978059597446,-0.261790443203662,-0.112291814537993
"500",0.0953784265130764,1.01271801712535,0.159038193382131,0.017453803483936
"501",0.0660506032095377,1.00601287247008,-0.0149269186699498,0.108807567174951
"502",-0.0538853461646463,1.00509815502294,0.076323142000455,-0.0663104759875394
"503",0.148047119183908,1.00821104401445,0.101591753062134,0.0785405944876835
"504",0.17157201674726,1.02858920904919,0.20548594277302,0.125583789937702
"505",-0.288966042890761,1.07753142658887,-0.2444054837906,-0.318339339038917
"506",0.0218792453219642,1.00049232819473,-0.00782036636198825,0.030393101955485
"507",0.0356076549198288,1.00331597980355,-0.0357539977426728,0.0732434773517613
"508",0.314275055228888,1.0624208932797,0.211846231398812,0.289584752221797
"509",-0.00666088532829723,1.00618994857743,-0.0833003188339032,-0.0740220879225489
"510",-0.481601528387403,1.13831531935734,-0.411513858067763,-0.355553246225929
"511",-0.0514251004196584,1.00892760946762,-0.102623843774904,-0.0860422444786168
"512",0.212696675820141,1.01873802024471,0.192433846203733,0.0282200057999005
"513",-0.178034915910471,1.03422808598511,-0.20383362267828,-0.167569651507255
"514",0.184216226492812,1.03235824354109,0.165564916902791,0.195836159322576
"515",-0.268015746098192,1.03210724192054,-0.22741912505259,-0.116300904489735
"516",-0.216380859773625,1.03384806922911,-0.177323364226142,-0.193386283764596
"517",-0.234555048634586,1.07447692212337,-0.292779724984876,-0.262260726784428
"518",0.746225182798501,1.34472467445778,0.574786137841825,0.691306983792625
"519",-0.387352139799126,1.06929185936755,-0.252285008273772,-0.282378035813711
"520",-0.173919523406861,1.00024039657153,-0.0218814818526297,0.00143237059026602
"521",0.122752956111511,1.00107790688841,-0.00437346113569698,0.0462368737888923
"522",0.0241823727876016,1.0126639787331,0.070743456649838,0.143121267339196
"523",0.535393288243653,1.16538402494721,0.410149034567797,0.435772526721528
"524",0.168727962168294,1.0208373717995,0.122736742955962,0.16445252078054
"525",0.570609094272348,1.20905753440814,0.564933538231401,0.377717114902738
"526",-0.0138389054011949,1.00358861681662,0.0632496432869172,-0.0564764944731339
"527",-0.440277326172748,1.06734968853643,-0.231429949046121,-0.292703837185843
"528",-0.527160560879586,1.11424677092615,-0.298054909033535,-0.390780165464362
"529",0.359419692016603,1.06386513342241,0.306818000235947,0.194092083411679
"530",-0.178342765292219,1.01152965904093,-0.139667562644123,-0.0607060381223095
"531",-0.18641835426405,1.03814365373116,-0.0663065492705042,-0.270824089227911
"532",0.5288722815713,1.11566360303753,0.25494948083418,0.42391748886437
"533",0.0087189295549696,1.00234208059944,0.024401437894126,-0.0639860638663191
"534",0.195395882849852,1.00856413481298,0.0592924370681669,0.116987268271242
"535",-0.0214219325554924,1.00396928298659,0.0309159734992827,0.0836571799859852
"536",-0.0125929433241094,1.00247628498063,-0.0319170951020638,-0.0627694271823732
"537",-0.0741682955070703,1.01140831748867,0.0643017537774522,0.137157096595131
"538",0.088788500414137,1.01219200658019,0.0776463189793923,-0.136028332834662
"539",-0.279746501254969,1.05619129389191,-0.274769479243186,-0.200104429160124
"540",-0.0447517900243558,1.00313244231101,-0.0231379105242899,0.0757583917030334
"541",0.00474613755284751,1.00581584934207,0.103887796136037,-0.0295440112665077
"542",-0.0636163238771655,1.00167038575487,0.00351881712480298,0.0577163722383543
"543",-0.590273714836795,1.2393565360186,-0.536190231514959,-0.49850241624286
"544",-0.0550849594565972,1.00424560154484,0.0902442627138839,-0.0191102399092573
"545",0.119965843431887,1.00801943182148,0.126561195803738,-0.00924330278779211
"546",-0.211617821912023,1.00191941191281,-0.0471437767428865,-0.0402488792655217
"547",0.118425175389443,1.02963187583255,0.102913835756219,0.222599510647248
"548",-0.0707309206001988,1.00729464685236,0.00457892028402524,-0.12091955617868
"549",-0.600708511547306,1.17201668817871,-0.394384408388771,-0.466994706382455
"550",-0.221347118261156,1.05164446989582,-0.239184079737131,-0.220787379763328
"551",0.0464876355724408,1.00539247427603,0.0745800456055672,0.072469608308292
"552",-0.0213796868079138,1.00251034437471,0.057758278518514,-0.0411214280014868
"553",0.107951537752285,1.00615596372544,0.0795680510024068,0.0775805942226746
"554",-0.300918036021364,1.04551008989917,-0.204534797882472,-0.226399789169834
"555",-0.213041229140884,1.00429791997327,-0.0921848453098193,0.0107826878767455
"556",0.366302811860812,1.09551883386383,0.403607328665756,0.193035332511075
"557",0.169675765718355,1.00799688999176,0.120835087134462,0.0381655859416611
"558",0.198234441761422,1.01495995267356,0.127927575586322,0.117380751981386
"559",-0.183174584142284,1.02298297458264,-0.0620489617546479,-0.206504461528356
"560",-0.398507299045223,1.06393739170842,-0.234489337264815,-0.277448236945982
"561",-0.134732831220142,1.01290051843234,-0.152389749557624,-0.0523910724290608
"562",0.414310808101548,1.06297281183233,0.193678104115003,0.303973667743025
"563",0.0105361159427719,1.00242259666558,-0.0674995306484561,0.0171719442117379
"564",-0.262324797713587,1.03961525760695,-0.213677179320734,-0.187461854484318
"565",0.0442866260193449,1.01000977505861,0.00131176785229662,0.141838023742046
"566",0.180202169381122,1.0069330379462,0.0480857898183658,0.107712115034087
"567",-0.101370993061173,1.02663003834497,-0.169592174054107,-0.158769424423605
"568",0.0689965255287392,1.00103245534668,0.0430646274338943,-0.0145401004601614
"569",0.0646832569302836,1.01022663785021,0.089327533505803,0.112153696238245
"570",0.179525905772018,1.00306907427158,0.0765653909613265,0.0168910824692673
"571",0.0555568678731744,1.00744384386832,0.115202154290204,-0.0408847428152025
"572",-0.116150265499409,1.01498909610156,-0.163097733522808,-0.0600166187383737
"573",-0.136200896228227,1.00329559016192,-0.0357835403202827,-0.0729491568183655
"574",-0.315781161597665,1.08495041432835,-0.290258050526963,-0.304741965694837
"575",0.0799915476044088,1.01526473836994,0.0867127633023164,0.152457815994685
"576",0.0251233574079862,1.00411516681717,0.00889094589681918,0.0903782015384806
"577",0.0180001396450553,1.00201870764289,0.0467576526744315,0.0430721764333289
"578",-0.160633100146159,1.02706596050905,-0.216009839920572,-0.0905772393809571
"579",0.0647667409722138,1.00179649228612,0.0210609573915326,-0.0561484463767181
"580",-0.0986577208594463,1.01813999746567,-0.163000051729249,-0.100199987902464
"581",-0.0435820831036128,1.01302489406171,-0.157384016109148,-0.0380750241246966
"582",0.0367426038937646,1.01878995108962,-0.19193671146278,0.0330645313599235
"583",-0.346655961935891,1.07772442343012,-0.305282451420731,-0.261328447958357
"584",-0.35697155010587,1.10724038820242,-0.384759005443177,-0.279180559847976
"585",-0.243778199109956,1.0380281605757,-0.24143727783348,-0.138601958934679
"586",-0.116293500387402,1.00560238693046,-0.077055594622812,-0.0727914551135908
"587",0.576316586373349,1.1474788835559,0.369021776053995,0.424889064350514
"588",0.258309983402845,1.04865715923722,0.289977576763531,0.124879312113025
"589",-0.537719224645292,1.13014648224037,-0.443062274993263,-0.284476522402234
"590",-0.0305039920498795,1.00263006184634,0.0202773728159146,0.0696840661104429
"591",-0.0125853002655609,1.00181303838792,-0.0043539928484785,-0.0600866593371846
"592",-0.203990868383728,1.00968210452144,-0.0217203813919562,-0.137790337916126
"593",0.13503626973327,1.00543126688653,0.0770276560393348,0.0704185532238643
"594",-0.152473515656203,1.01271736237705,-0.0986510641943014,-0.125954053500737
"595",0.0125003406786705,1.00865484949352,0.110131071575636,-0.072496568749115
"596",0.126314278765321,1.0039734173401,0.0827393394105817,0.0334189233736578
"597",0.0486521294462775,1.01687714096908,0.11598416949743,0.143480982194319
"598",-0.342249723796603,1.04132011782893,-0.213828191448332,-0.196532674986082
"599",0.0288398509948757,1.00582211153893,-0.102372206268212,0.0346128797473005
"600",-0.425047398271032,1.09065462156468,-0.296702528521507,-0.318582976804053
"601",0.0242867967356783,1.00295948004095,-0.0668291399545686,-0.038230676909248
"602",-0.0550956529467187,1.00364087921309,-0.0821352044430114,-0.0234269634977483
"603",-0.381722222137786,1.03805914126775,-0.188033580549067,-0.205451097235887
"604",0.108395805539812,1.00150138568341,0.0408156817574373,0.0365937924852981
"605",0.366953885815716,1.05978894852879,0.297501625962467,0.186132742883787
"606",0.330563099989376,1.02462230568258,0.170538289078402,0.144109546042201
"607",-0.379348911660238,1.11385529361149,-0.388910549177263,-0.299035449144375
"608",-0.159455200314127,1.01372484768657,-0.158660770890581,-0.0496470200269914
"609",-0.341257443848488,1.05589992239356,-0.179662239369272,-0.287482392253074
"610",-0.117002062180538,1.01506579725116,-0.0182921183174036,-0.173274265707879
"611",-0.191082496552608,1.01012441426566,-0.0808168286076479,-0.11755837915409
"612",-0.163672945970818,1.01152821810157,-0.141155533212033,-0.0571353783514499
"613",-0.164961657632306,1.0007240222249,-0.035258097556113,-0.014333011361833
"614",0.0342224365140957,1.00847369377262,0.0838268519098209,0.0999612421405791
"615",0.222584405116702,1.05134339524435,0.206559765604394,0.250311801474426
"616",0.32166174241905,1.09780550751078,0.303297230630994,0.336433830362776
"617",0.441146741048697,1.1224263812289,0.387787868107184,0.330849740256024
"618",0.313394277652684,1.0713182354389,0.286572816969122,0.2561225920498
"619",0.216709626041181,1.02370926241167,0.101661587951428,0.194024677509432
"620",0.260328389390273,1.00794274790005,0.0855994616441947,0.0928510377460662
"621",0.176436210467713,1.02258197728335,0.165070055196386,0.135741582214835
"622",0.0705684905911582,1.00312501742192,0.0481421761308868,0.0627863954619418
"623",-0.132250676778121,1.01485784902143,-0.0846823414741667,-0.150881923247486
"624",0.385073259937962,1.10629020540728,0.357729022557324,0.309690111240667
"625",-0.30680794790827,1.04145238836532,-0.213843066483614,-0.197216176184177
"626",-0.301245609627228,1.05327316111553,-0.300894573853892,-0.137283674745361
"627",0.0421004319825837,1.00386108083866,-0.0775974807406307,0.0414210164684235
"628",-0.00052726719053186,1.0032218122394,0.0758125868441358,-0.0265792443252145
"629",0.362555354549245,1.09851607271147,0.310255799511194,0.332383665174904
"630",-0.359962938874449,1.05419232989627,-0.310901330317323,-0.121086048820836
"631",-0.00732037877458948,1.00077812995423,-0.0391805816106583,0.00466341284270955
"632",-0.055700716208158,1.01326276567747,0.000565441199941751,-0.163404750801826
"633",-0.59900916274082,1.19404003612106,-0.505616852466126,-0.412411452753462
"634",-0.486718043120201,1.14117894647464,-0.307821283116357,-0.455560583827856
"635",-0.207160620206476,1.02371923384121,-0.216886474982863,-0.0310052690027486
"636",0.00325471028891099,1.00855848987795,0.0714043444982009,0.109962025680102
"637",0.45593950279701,1.11498839423408,0.327836527903805,0.368405117022929
"638",0.0452717220736235,1.01582659097989,-0.0057809682083152,0.178522388927577
"639",0.373437749658003,1.11556390125689,0.372519804928387,0.325133530604887
"640",0.387550119659475,1.12147718492395,0.282220128211361,0.421974970273475
"641",-0.086288772018366,1.02504496744129,-0.223742305865477,-0.0256235407918855
"642",-0.0271987395593565,1.0009130806383,0.0257431388820965,-0.034121632337243
"643",-0.370966616682948,1.12006575004932,-0.229857096581038,-0.449124703823864
"644",-0.538276915171475,1.11025410500208,-0.403205964900894,-0.264743512748308
"645",-0.0872705980213888,1.01194147495866,0.0400414696290325,-0.149740540440641
"646",0.140246843029051,1.00231174181701,0.0532314700245668,0.042370253519153
"647",-0.0237241974531486,1.01088106501879,-0.136131109612324,0.0578692371579159
"648",-0.371160147236534,1.03694924508645,-0.235568192843254,-0.140610680269744
"649",-0.34046924206141,1.05257838736406,-0.175152743825977,-0.277925849600504
"650",0.026077045264907,1.0059730682502,-0.0279330410303126,0.105837419013923
"651",-0.21814833864119,1.04226324074156,-0.196427517292058,-0.218469433677987
"652",-0.437627983931837,1.06982730901117,-0.274880653680754,-0.262623489692219
"653",0.257957445083715,1.02817718886256,0.223494180856429,0.0848450518334946
"654",-0.340720697334172,1.04767769038216,-0.188293914424248,-0.249347036708469
"655",-0.281684074483427,1.03091012863326,-0.197639496078325,-0.153994554801632
"656",0.278480348562427,1.04014722368151,0.259141130402559,0.121458311638366
"657",-0.483584243991466,1.06849424930536,-0.233825365224555,-0.294967217460226
"658",0.391459640479211,1.12101741392338,0.300170197145095,0.408139553419333
"659",-0.455899172089544,1.09432425658704,-0.375539301450183,-0.237730544148367
"660",0.0861310751589626,1.00609562572638,-0.0232976567615346,0.108100079996143
"661",-0.201487663078211,1.01431962646084,-0.097160287522009,-0.139298898604038
"662",-0.200356615907395,1.02066152089518,-0.188009827171909,-0.0800140307874242
"663",0.354219299752859,1.10152819200002,0.303421039398575,0.34828153930566
"664",0.0452540943399553,1.00108933448264,-0.0358876771398755,0.0298652012282422
"665",-0.316274637715134,1.08007127860359,-0.319050705040705,-0.254481068996137
"666",-0.667554435909426,1.23454866982846,-0.528908294056838,-0.494334334891982
"667",-0.1872151655488,1.02868994823605,-0.224656020832795,-0.087935669130715
"668",-0.375973620896972,1.05400843083183,-0.281109419509237,-0.178637248433104
"669",-0.174332926926451,1.03532809489044,-0.13247589573803,-0.233140303503853
"670",-0.113395912335631,1.01343327703246,-0.108700546674893,-0.123414740405372
"671",-0.212452451808775,1.00945225660299,-0.0975710971863158,-0.0973331359544565
"672",-0.0698968135194047,1.00320772606298,0.0723406741878257,-0.0345335849646991
"673",-0.465168157844115,1.10744489930108,-0.327984529997616,-0.344761298683906
"674",-0.218220271996275,1.03433564280678,-0.14994535393289,-0.217638720852848
"675",-0.249627236410358,1.04650030081731,-0.268720940509034,-0.151498962843517
"676",0.177965329297594,1.03678937457873,0.120111446363663,0.245978551284001
"677",0.0737912864072439,1.00468274738174,0.0955046934700648,-0.0163179781750033
"678",0.655073345278657,1.12568252545906,0.364619488840275,0.366351984410806
"679",0.0382278364064466,1.00363631134301,0.0628689919278295,0.0577350439524445
"680",-0.078234138093042,1.0001066315348,0.00310361942803532,0.0142703183680403
"681",-0.101779256452064,1.01529473512228,-0.154516917525191,-0.0833541922492844
"682",-0.0175620534732513,1.00148927438324,-0.00993020347592016,0.0536857314711898
"683",0.234556678861272,1.03450253409972,0.172201823341511,0.201350503095004
"684",-0.257875817816234,1.06502182698643,-0.308970622564514,-0.196999102408108
"685",0.479245545650603,1.10124238345956,0.325676489739934,0.326603140153855
"686",-0.277968017883643,1.08562938791474,-0.370498589678544,-0.203278043453672
"687",0.181327578762255,1.00109435722874,0.0467936458898223,-0.000516507080987024
"688",-0.212885911597746,1.00988270891381,-0.131603135776479,-0.0504351109535451
"689",0.195824124902218,1.01733730346296,0.177960748653806,0.0574905292711005
"690",0.119525725748313,1.00118738513969,0.034443558874395,0.0344937880627996
"691",-0.256461300037651,1.06509949969791,-0.151790032939953,-0.333761486928661
"692",-0.510989290349625,1.1495173425206,-0.355785068313088,-0.44136957974136
"693",-0.217217980557529,1.04800447999208,-0.236740084783922,-0.20559066695735
"694",0.607891908392273,1.17437725890035,0.457771519481767,0.411833925476818
"695",-0.0994148884827049,1.00593422618786,-0.0282415455935445,0.105385399931224
"696",0.364946043203196,1.08447231442144,0.363602445219787,0.209459930718934
"697",-0.325827823636382,1.09311073929342,-0.391010247456345,-0.204944077110652
"698",0.193849005674311,1.0127595394478,0.0818639385136637,0.137768575203342
"699",0.44464785072392,1.12805146294452,0.341140995651965,0.395123935160674
"700",-0.0689785289335529,1.00230831811839,-0.0389076634425709,-0.0557508591392292
"701",0.0298586062722436,1.0078197034043,0.0682239096211318,0.105100203263046
"702",0.0751460065557095,1.01082178270029,0.127610839245025,0.0740010141050863
"703",0.238893520684137,1.03700009880275,0.170573193860521,0.215113901115533
"704",0.0680000336066843,1.00101132621587,0.0211669222532301,0.0396942894480453
"705",0.175118092276408,1.01155368577833,0.106281951833216,0.109293210796649
"706",-0.389815897216563,1.07338304695242,-0.198327361214959,-0.335883050001588
"707",0.000867955360775534,1.00578526627197,0.0279959955734962,0.104020315715888
"708",0.152023723575696,1.0239605126886,0.166381550942531,0.144264725596589
"709",0.0221737419341886,1.00068272596004,0.000174448408580803,-0.0369579166427513
"710",0.349027085939344,1.09042984342563,0.210037364244703,0.380685630217881
"711",-0.199780261310476,1.03689188482327,-0.117329713001563,-0.247746885468466
"712",-0.26502182276008,1.00707335025418,-0.0204297945782109,-0.117385502876911
"713",-0.184324680729629,1.02107378861124,-0.125622153109359,-0.163739904840188
"714",0.17860141077874,1.01601143523439,0.0960040953268901,0.151863261546391
"715",-0.259679555417766,1.04506535106534,-0.168848543651485,-0.252292998920116
"716",0.208418333762966,1.03250736999319,0.124585592490851,0.224833047468463
"717",0.260340159771731,1.03285606931653,0.120425695672894,0.228668563090107
"718",0.243027288603933,1.005812744503,0.00337721756908397,0.107925304753512
"719",0.0726571950442271,1.00346989012437,0.0651930158639523,0.0519777939969193
"720",-0.00935047275512816,1.01115442276556,0.106695432137521,0.10511589527442
"721",-0.330455440155602,1.04532103928385,-0.26305834435815,-0.153285298163333
"722",0.139021216361727,1.02183049510864,0.206361034687813,-0.0394041126856503
"723",-0.0503382776554438,1.00138788544503,0.014864874302338,0.0505641436993282
"724",0.0864938031963509,1.00136995703034,0.0507495499811971,-0.0128947283667972
"725",0.000863479404859336,1.00465306895981,-0.0816740316731571,-0.0515474686149895
"726",-0.360104282700529,1.09368934302604,-0.339150649230169,-0.284838930231607
"727",0.324306398907776,1.02658372453237,0.188528366492178,0.135392756462585
"728",-0.239592192231648,1.05313907917338,-0.296960507238946,-0.144624953664768
"729",0.0673019433546295,1.00098838556815,0.0301439568117912,0.0326969403776923
"730",0.00654566936512708,1.0010583981425,-0.0430236466680779,0.0163365332618912
"731",0.168871262768403,1.00672583202193,0.0876968922602102,0.0761981361198915
"732",-0.252870785112066,1.01548171097263,-0.090906951491935,-0.151456368272658
"733",0.0433097677845861,1.00609745837046,0.102840228728231,-0.0406937721847771
"734",-0.07912772926528,1.01591314375605,-0.0502248453997103,-0.171921437176639
"735",-0.244272876017476,1.03017651019244,-0.0427473180091998,-0.243795629483561
"736",0.0974804039908316,1.01093456666236,0.147008958387769,0.0194181416866581
"737",0.159810826736945,1.00937785616851,0.0598261615575496,0.123549532239615
"738",0.0153673261307289,1.00910275597695,-0.0966694883934069,0.0945694566656642
"739",0.150204662480883,1.01324171421241,0.0981248326123062,0.130500148064692
"740",-0.145530514638128,1.01795687068294,-0.190212039737675,0.0074545629950386
"741",0.394362170272428,1.08517825826898,0.275189017456688,0.319190941116627
"742",0.082811820632544,1.025121721529,-0.0188420551437993,0.224765479797384
"743",-0.0758460845375071,1.00255933144432,-0.0357661571770089,-0.0620160871619364
"744",-0.194441292006788,1.01256376659048,-0.00431973841423876,-0.158955091997498
"745",-0.178763234157197,1.0519497710862,-0.250602217252521,-0.209276968623927
"746",0.121368840996117,1.01098925856722,0.130803462185626,-0.0706380578621934
"747",-0.497618210969475,1.12482429994678,-0.345026279356324,-0.382343526562557
"748",0.0540671522406503,1.00717389692548,0.045100704274919,0.111198853959722
"749",0.102070855124146,1.00828452322264,0.0270075963414138,0.126127988607478
"750",-0.191342803105767,1.02031873805386,0.0113973262763401,-0.20228798327527
"751",-0.0249648864086064,1.00084811891143,0.00833012821349194,-0.040343104646257
"752",0.0797352398692607,1.00491989475132,0.0603131009530172,0.0789070638183376
"753",-0.107561829424629,1.00652891246074,-0.0157182381687566,-0.113372786012636
"754",-0.335973293753595,1.05498900181496,-0.218635467339346,-0.255343545780632
"755",-0.204201519632911,1.02355874710586,-0.21229774101351,0.0510115470994844
"756",0.0475972860865828,1.01165286672704,0.0965493312394788,0.118826551722408
"757",-0.374324953362311,1.10768496835511,-0.264869820874193,-0.395992382641296
"758",-0.30420811938312,1.07188010973339,-0.168847074296083,-0.347012442347113
"759",0.051401538069574,1.01698769992547,0.171083064493555,0.0706722494560981
"760",0.432136532073283,1.0984414350956,0.241628229480674,0.384953744043259
"761",0.36759167179094,1.04078627865255,0.15291085949906,0.244651480434265
"762",-0.234609985110503,1.01202296151255,-0.131538316013073,-0.0829948555578486
"763",0.040584943610846,1.00007290246197,-0.00347880608228185,-0.0115632238993564
"764",-0.178830288998845,1.01357698753968,-0.127916915306174,-0.104764366311094
"765",0.16714460865433,1.03440816360196,0.176783836832385,0.196844415621059
"766",-0.4876101483053,1.13805541090136,-0.409776331596954,-0.356726052237295
"767",0.0806240425545489,1.00340021318396,0.0322641134415054,0.0759671955612454
"768",0.141432856072018,1.04161253520394,0.106673935782593,0.271251442242471
"769",-0.0432827192097036,1.0096340442573,-0.0275187361870672,-0.136395096986757
"770",0.0638935199065872,1.00414235452248,0.0794831372464961,0.0445454715924982
"771",0.321850448914191,1.04789004952818,0.19866232861922,0.242088486070188
"772",-0.0695641907115859,1.00480202582268,0.0962396983850916,-0.0191057989133205
"773",-0.0424021998123023,1.01894348440632,0.0065008129965125,-0.195457319751597
"774",-0.158033609816481,1.00781860945516,0.0131206083526918,-0.124604170077007
"775",0.207864646106729,1.01481108260451,0.0765056692056471,0.154881941995641
"776",-0.253878447562091,1.03286478475323,-0.162603691697236,-0.200922131756963
"777",-0.324668233310462,1.10086107530848,-0.331906875344297,-0.318956005161412
"778",0.254389741751742,1.02406094416721,0.187012691317556,0.117162582144668
"779",0.232807291617476,1.07276420407036,0.342103431632469,0.183815885058943
"780",0.0179888945630162,1.00213724348641,0.0566248305504876,0.0327518449506856
"781",0.052958145594591,1.00231824089925,-0.045722889781149,0.050510131552202
"782",-0.40144691090448,1.06603840118096,-0.337720449979822,-0.149608724538001
"783",-0.0546651780827974,1.00251264864521,-0.0603098587481997,-0.0373407502792063
"784",-0.476506185088688,1.18346373492421,-0.551396821587815,-0.310721671313119
"785",-0.0567772971908752,1.00554470318159,-0.0677132220495159,-0.0808397776854491
"786",0.0630196182326702,1.00298209679466,0.0757448287112174,-0.0153560220801637
"787",-0.00677071437324207,1.01242342675115,-0.037556559655314,-0.153592642601792
"788",0.118584855764578,1.01263694274101,0.15926241057188,0.00831037801106511
"789",0.20343672108966,1.01403722722808,0.159889441409133,0.0520275381916723
"790",0.0165097093048191,1.00382425883227,0.0349403376441563,-0.0802640356914469
"791",0.200595469934544,1.02480039028364,0.205972968122158,0.0882665073991748
"792",-0.182861675597238,1.00019283904372,-0.0143157216829679,-0.0134452737803725
"793",-0.232972620065519,1.01876614860354,-0.172206375565963,-0.0907162044781184
"794",-0.214496285032534,1.02530659129018,-0.204024516315921,-0.0981203489860385
"795",0.184159058906154,1.03360156195215,0.164703676650622,0.202989871096276
"796",0.230888882943495,1.0242247797915,0.194664675390484,0.105555974222563
"797",0.000748445169009977,1.00143861327708,-0.00336447867307634,0.0535534914416251
"798",0.232910902539778,1.04563977454913,0.080243273511113,0.294828009482436
"799",-0.275756400049467,1.0139546211542,-0.0386709455638992,-0.163121217899897
"800",0.578869399564464,1.1554470309973,0.393786591711903,0.424252238212604
"801",0.109787719271857,1.01925641711404,0.181415304912815,-0.077279563738069
"802",-0.241703732318049,1.02423749842905,-0.0672994045155264,-0.211029010659823
"803",0.0963471749674762,1.01593752856576,0.178177027285369,-0.0195450478651105
"804",-0.0133892914990312,1.00236727864101,0.0289880391046332,0.0624488180756639
"805",0.188266539930833,1.02958384109045,0.243160139580937,-0.0302660263915922
"806",-0.447841732088721,1.13139887809242,-0.420603971000454,-0.321178643323995
"807",-0.27946504245875,1.02880978356116,-0.177208013234094,-0.164459389506317
"808",-0.198111897807121,1.01268770500382,-0.138180825165335,-0.0802648579549158
"809",0.0747271234814912,1.00708786076588,0.0601872800731348,0.102973057735497
"810",-0.306058761186309,1.07815574815887,-0.165563665860546,-0.367435014437684
"811",0.157188000375007,1.02658379136649,0.0127357121034295,0.231758672617897
"812",-0.0185855237303517,1.00684227750872,-0.0432848036542345,-0.108893514736021
"813",0.297411567266381,1.09113224287608,0.293628793551929,0.323035142114633
"814",-0.294915082966676,1.04496937026449,-0.211083212448191,-0.217726576727574
"815",-0.55482030448313,1.19242155734468,-0.505195358023851,-0.408223983434922
"816",-0.0418693275433903,1.00553338829134,-0.0836080924872156,-0.0640865183896804
"817",0.0434709677280343,1.00074547657462,0.0340255100194053,-0.0182694705038924
"818",0.0838656424331289,1.00408223680714,-0.0197372660330777,0.0882699190051679
"819",-0.019611592868104,1.00360939389545,-0.0252324043393352,-0.0812104752260493
"820",0.0980223875563679,1.00330015936207,0.0599446609005147,0.0549349379309102
"821",-0.148045697069292,1.01644533799956,-0.0818122183007726,-0.162689538931502
"822",0.481937657099391,1.10168705223728,0.197861232349002,0.417810116919868
"823",-0.449256071642909,1.05142986455737,-0.250679748682308,-0.206553682329096
"824",-0.559556467430057,1.22268098416897,-0.491393191861755,-0.503469482729901
"825",-0.221833768316813,1.03678628630619,-0.151595642943402,-0.227913502261619
"826",0.166785164635657,1.01440877661728,0.130715657265997,0.109263823032497
"827",0.223473670931062,1.02817017150747,0.190418709947818,0.144480505534515
"828",0.250678647735518,1.04491683569081,0.203794581125166,0.224318885103583
"829",0.240562614161762,1.05429423963984,0.176261507858866,0.283669216844327
"830",0.0402234503610904,1.0060306796526,0.102904579661099,-0.0388378151683732
"831",-0.2708268536003,1.02243783756817,-0.158578340390023,-0.142239381502554
"832",-0.0319495231742447,1.00248433945705,-0.0456424698281601,0.0537737464253396
"833",-0.492809260892008,1.15318436522714,-0.442261442114906,-0.366386403981869
"834",0.0286847352464845,1.00119377012542,-0.0487020468500367,0.00413230813988041
"835",0.0963832531214391,1.00741711672722,0.0770114840670757,0.094649238754363
"836",-0.425252583799131,1.13365368128436,-0.308530086269762,-0.435866785791201
"837",0.402171449383315,1.12781687555866,0.43313339209776,0.290458894587136
"838",0.0591485174589398,1.00424808889899,0.0523590906959021,0.0759786132986214
"839",0.373218667747944,1.07934015315329,0.260038238885518,0.312018077242804
"840",-0.265359275312322,1.04461278656829,-0.270848531858279,-0.133629886822491
"841",-0.420994624994191,1.1202525571833,-0.424011522009812,-0.274189753781306
"842",-0.0372064154343362,1.001941562692,0.0573779154644488,0.0243858538220896
"843",-0.244993305929075,1.0143309976257,-0.15415186301657,-0.0714463146206367
"844",-0.117288052733607,1.01242837270519,-0.145633175770644,-0.0616618842838296
"845",0.220849409793458,1.02527521096364,0.0896619791636341,0.207725751193711
"846",0.422807163277827,1.07691877640874,0.309760239963195,0.252591854024693
"847",0.259443513762143,1.04272518161146,0.247413912639192,0.161437790492848
"848",-0.0208289563758721,1.00536527389566,-0.0983952723321941,0.0328284074846164
"849",-0.0164076665195833,1.00332511336139,0.0810318354033434,0.00975319192985838
"850",-0.00898678062639543,1.00319057279688,-0.0147095635368316,-0.0785808761028039
"851",0.0821042005821279,1.01710178647356,-0.00598681728116184,0.185634592860704
"852",0.0548079050099742,1.01180693129272,0.132330547748085,0.079005647549337
"853",0.260009972746693,1.04294193112246,0.203418907667839,0.215287295715919
"854",-0.436234419441561,1.06388087388673,-0.256401450018905,-0.257100778392831
"855",0.340752127243456,1.07726776342557,0.122156291658652,0.381554287781089
"856",-0.0618901034359739,1.0009341191245,0.0182038123625793,0.0392139266461615
"857",0.257945224190469,1.06263383569889,0.242216118205733,0.265559825375512
"858",0.130295260225444,1.0313255400033,0.13506050535082,0.21305170583095
"859",0.144195314356601,1.00586404526195,0.0231964923969479,0.10594527026349
"860",0.0709841670658712,1.00661669731387,0.108387759056438,0.0391058690967282
"861",0.377343522187723,1.04454009357466,0.243253276427741,0.178582895575507
"862",0.143645364250177,1.01404400917263,0.1466022162959,0.0824199169862677
"863",0.40148245487426,1.08032486445587,0.167491889638418,0.372891780101061
"864",0.0806668859870619,1.01735426567191,0.158742539538249,0.0990480086714503
"865",-0.012316546197356,1.00250397686635,0.0207489253146806,0.0677030703228249
"866",0.385341537877843,1.05118610460196,0.19015259485224,0.26236275875057
"867",0.119145992215112,1.01210532049996,0.155025096034423,-0.0180110905789416
"868",-0.190961177992959,1.0355216087402,-0.239937308497208,-0.121388179651057
"869",0.0277335022559502,1.00875975719457,0.0404809349762917,-0.126323163508064
"870",0.186376690676141,1.05217038906022,0.00662030565609816,0.327137125939816
"871",-0.251940165595681,1.01224316138877,-0.138097077903573,-0.0746017081092901
"872",-0.0334138128437413,1.00027913579611,-0.0141258466943286,0.0189422798043404
"873",-0.0317919650767596,1.00265776696175,-0.0336729578652966,0.064720395219089
"874",0.0126665145534182,1.00241827236847,0.0219304296186254,-0.0660412676660379
"875",-0.606893635483327,1.16918962305117,-0.503403695164643,-0.337029812249791
"876",0.244505184517255,1.06177434605308,0.281097078923639,0.219884501857318
"877",-0.0850718280467151,1.00212253059506,-0.0589934666161291,-0.0277369288649378
"878",-0.194224144627307,1.03288724312296,-0.14565554318115,-0.213636419523358
"879",0.101500312553291,1.01703289547134,0.00407177557372131,0.185308745380486
"880",-0.0148791740787281,1.00860213515115,-0.0957627035124161,0.0900431654677822
"881",0.139004723673119,1.01253735107272,0.15852021047019,0.0101602258757544
"882",-0.159377770072376,1.02453397296356,-0.0682138539369116,-0.212171468127939
"883",0.215604039911503,1.03989420733384,0.166291737097885,0.231790898482763
"884",-0.131726103552305,1.00075226936285,0.0237786074732695,-0.0306542405144469
"885",-0.0253528101458776,1.00194182870022,-0.0507850885269849,-0.0361704697570953
"886",0.0609167743984293,1.01107824782702,0.148983597209954,0.00911652298510369
"887",-0.299591000311092,1.04943173261778,-0.265114678294327,-0.176128273647481
"888",-0.197200577593427,1.05856232508413,-0.266157657398869,-0.222967032306284
"889",0.552497909758655,1.15248815458995,0.29248376534613,0.492627844806915
"890",-0.278001985344265,1.02092004063032,-0.137621440647984,-0.152768021636048
"891",-0.320566809197447,1.06085426013154,-0.186227896823982,-0.301215756035013
"892",0.245292630121534,1.01539872487027,0.127398067802202,0.121672933672374
"893",-0.236679262280911,1.07019510751785,-0.319088208683634,-0.208567215147089
"894",0.10755215292165,1.01029134977325,0.101639172338216,0.101774702520107
"895",0.11574416953886,1.01291177999127,0.115343998814398,0.112632304347362
"896",0.0525328173634271,1.00858661535409,0.124432001618458,-0.0419956860241135
"897",0.341370181291582,1.08794269998854,0.225741361142502,0.364225419661903
"898",-0.0301307224480781,1.0050522307983,-0.0882648524425264,0.0483663359780967
"899",-0.419959985246341,1.1218269988646,-0.350458739007302,-0.368340179229712
"900",-0.18649871282076,1.0007148391448,-0.0288579624746603,0.0244419165862424
"901",-0.536538235880167,1.15913422866763,-0.39252918833215,-0.435330904457984
"902",0.242065161813059,1.02926188157832,0.140581500816992,0.19903985153279
"903",-0.00569533041770174,1.00076109348218,-0.0261489050941247,-0.028965513805826
"904",0.0615987925389167,1.00983272727626,0.132538762537012,0.0468573740553607
"905",0.0549542006978685,1.01736559572243,0.0265326162747518,-0.185280262395297
"906",0.393091123008849,1.04000120743068,0.206486396568166,0.197397769717792
"907",0.22545536591004,1.01827155988735,-0.0150944916327989,0.191439614494407
"908",0.00877208700504488,1.00402783954498,-0.0871140294254514,0.0219783634202061
"909",0.173667811310811,1.00755121986013,0.0680700367596346,0.102595958678574
"910",-0.239507279555079,1.01908856791534,-0.17147627829085,-0.0955897235023934
"911",0.176376734030538,1.00943589954647,0.0856043398849931,0.107855144921498
"912",-0.0179924803102747,1.00137248438446,0.0480697833966384,-0.0208841664069299
"913",0.0117536852465058,1.00316628846827,-0.0334637380194514,0.0722688076348891
"914",-0.095757409898299,1.00272107369115,0.0529359774739017,-0.0514522488644541
"915",0.286151162881087,1.04917214200657,0.187310910864003,0.256274864615994
"916",0.130851794928208,1.02199327278568,0.114955814399599,0.1767919974289
"917",-0.202130732705223,1.04023154565019,-0.247985236474159,-0.143474705285068
"918",-0.273155066863848,1.07152595155822,-0.318594796609448,-0.216021342547767
"919",-0.0945164936618798,1.01747506329447,-0.0339025103029838,-0.184678434640435
"920",0.444591116758681,1.09087439778587,0.29912679025441,0.317064843678364
"921",-0.155562504036204,1.00863168250752,-0.0559503555996974,-0.11919491879366
"922",0.0851315510278517,1.0015924122362,0.0268729796188754,0.0496508128386005
"923",-0.200466447856951,1.0274925193727,-0.181954374576665,-0.15044428516656
"924",0.285148533866759,1.06936733181025,0.230158889059585,0.300954109674275
"925",-0.272158238392843,1.03621555860939,-0.226553760820276,-0.149719996534722
"926",0.0265505476202172,1.02106160291833,0.161525615834098,-0.128359932936869
"927",0.161116460545639,1.00841050847411,0.0821865507235629,0.100683287993469
"928",0.551620504484061,1.23826416942001,0.58853978049789,0.432341392930301
"929",-0.472641952787023,1.19934412882901,-0.526457969706326,-0.401582302261069
"930",-0.579924810818142,1.21696668166654,-0.388056969648255,-0.574821444097103
"931",0.158727802056183,1.02334796230493,0.191656273329732,0.102513047203846
"932",0.153381461813135,1.00924310031405,0.135525807030925,0.0142965436427241
"933",0.221368598519825,1.02852461723757,0.19246981467039,0.14428533780131
"934",0.277398892146665,1.07185468170832,0.224801713856249,0.313586747403872
"935",-0.298532030475513,1.03493950497251,-0.182908842872408,-0.194020963176221
"936",0.293491878551094,1.05032739716561,0.288057397061188,0.142163909748631
"937",-0.124059262329159,1.01331488996513,-0.157889748157026,-0.0433346703223786
"938",-0.561224491664742,1.21316221512016,-0.446868965015759,-0.521603957328736
"939",-0.0559385136702317,1.00266945110612,-0.0707999509848091,0.0182591106574734
"940",-0.0827672840826993,1.02059454041689,-0.169501536405964,0.113500859401081
"941",-0.204111307451538,1.02892936838376,-0.152363615443414,-0.188363939785744
"942",-0.0415244090983078,1.0071565997916,0.0970511753321031,-0.0703241485582442
"943",-0.115553162263402,1.0141011753015,-0.105716947506579,-0.131244507533763
"944",-0.0129363677260435,1.00286312044734,0.075630271238001,0.0038079424675363
"945",-0.0443525899764883,1.00762979811558,0.0712105727510193,-0.101226796743367
"946",0.0833172342224365,1.00761579186019,0.00628088930086827,0.123491434665056
"947",-0.243854007290774,1.05051937130463,-0.244803365993861,-0.208955166206425
"948",-0.164921820590942,1.0038527735918,-0.065355407976572,-0.0587287127065692
"949",0.0266266496028949,1.00248488994196,0.0576699754884965,0.0406217735839226
"950",-0.306677889438743,1.0298912789241,-0.204306968477952,-0.137603448486066
"951",-0.250534732307273,1.03713008209563,-0.206067354514609,-0.182140200370573
"952",-0.0815140727797146,1.00849780994907,-0.130319281096029,0.0092042189611166
"953",-0.288153409305455,1.02592263800299,-0.137483674159416,-0.183345298567042
"954",-0.0547474047482461,1.00427279197195,-0.0728528526652564,-0.0570640215343482
"955",0.696996412843383,1.21999979882816,0.458502314509294,0.527423109780341
"956",-0.206815682394072,1.03710401287996,-0.222077591453421,-0.162068741298111
"957",-0.172112165397849,1.02831314637027,-0.158558127225529,-0.179686525061429
"958",-0.201820546545215,1.02844896401535,-0.0932006208187889,-0.221406675290597
"959",0.486345971707093,1.15005898198882,0.433214317492208,0.367370408678918
"960",0.0742933577302476,1.00050889576188,-0.020363815624079,0.0245634995853518
"961",0.0586439237500258,1.00294307001459,0.0688734574898028,0.033930053694106
"962",-0.066629959335867,1.00673462480042,-0.110219947662593,-0.0369617086901556
"963",-0.0296336734174753,1.00718411653922,-0.0863038089625252,-0.0834954918989478
"964",-0.0107355985219069,1.00724086955901,-0.108243674199985,0.0530799049139642
"965",0.273190609708032,1.04475683018011,0.175135160881179,0.246666798801788
"966",0.343430438885733,1.10649269935637,0.347353436326122,0.321980875210608
"967",0.0200270018721944,1.00910220672293,-0.0856156596791721,0.104676752102781
"968",-0.476701265575518,1.20206855616501,-0.528343825690976,-0.407212003230341
"969",-0.272310390118121,1.04618390005863,-0.210771287572392,-0.223777159417476
"970",0.601715421960767,1.19798647167383,0.563475901858156,0.343025501003421
"971",-0.308384546252521,1.03414542333011,-0.148558660350234,-0.217685739150617
"972",0.295348041507961,1.05477791009611,0.150204402789389,0.299991794903473
"973",0.24443483661478,1.01689500736698,0.144274591343183,0.115153368603172
"974",-0.140835176355927,1.00687805077541,-0.0972211624141464,-0.0659655570136731
"975",0.279308148055097,1.0099363126361,0.083083554473397,0.114317446424742
"976",-0.208209275693561,1.0217225897399,-0.0981260857933238,-0.185171060567484
"977",0.178634061263177,1.00713745749791,0.0272713474727742,0.116542403881069
"978",0.0525142568401317,1.00072356589786,0.029828974233293,0.0236196452032403
"979",0.256320336389922,1.03060205261167,0.228885954951018,0.0987512555543126
"980",-0.239730521290604,1.0438979324059,-0.13959673921016,-0.265020081660233
"981",0.239691341075791,1.02206191216765,0.125671401430113,0.169756446612122
"982",0.249486016525868,1.07038764915889,0.32726825198009,0.19653297615867
"983",-0.0583051613593117,1.00660891050389,0.109119150494345,0.0368036642364496
"984",0.109907982252092,1.0242765751084,0.135246019995138,0.175644574044509
"985",0.34373184563418,1.05843990831422,0.207006645138031,0.278286342426108
"986",0.245355713791023,1.02905780648966,0.179127705940429,0.163930576958117
"987",-0.282446174726458,1.04168711602808,-0.234993355261434,-0.172887740114446
"988",-0.320180744793096,1.08824028297226,-0.223635375154856,-0.366407058423954
"989",-0.0434950354236902,1.00280077034157,0.0631889203856628,-0.040206284809099
"990",0.432543067215758,1.15848739016798,0.415909062176164,0.411233127529826
"991",0.0507640342268373,1.00149748415274,0.00953827439893478,0.0539094804812545
"992",-0.35081623607459,1.05034445315688,-0.299388700604243,-0.116575624501585
"993",-0.0930467115011559,1.0069950312345,-0.0498715018731739,-0.10747942236484
"994",-0.238563067159948,1.04140981387015,-0.177496212619319,-0.2302813386509
"995",-0.108012713367173,1.020702810727,-0.106491399631494,-0.174624768090088
"996",-0.14034524788931,1.01494049668355,-0.162093958504115,-0.0618850581701012
"997",-0.128128042493769,1.01072315136076,-0.0768626748956261,-0.125113619980021
"998",-0.0226321125417038,1.0010628612314,0.00785534656336228,0.0454438738133073
"999",-0.0176524755361199,1.00132616651744,-0.0513921863615923,0.00359651685605407
"1000",0.35288423264281,1.12793504126352,0.437767397264781,0.283896395190509
